date,tone,calm,tone_Z10,tone_Z1,DJI,DJI_volume_k,DJI_forward_return,GSPC,GSPC_volume_k,GSPC_forward_return
2007-07-19,-0.036503,-0.010442,-2.012670,-0.707107,14000.410156,265390,-0.010666,1553.079956,3251450,-0.012221
2007-07-20,-0.012146,-0.005908,0.339044,1.064452,13851.080078,377650,0.006667,1534.099976,3745780,0.004869
2007-07-21,-0.026988,-0.008666,-1.203522,-0.776665,NA,NA,NA,NA,NA,NA
2007-07-22,-0.023677,-0.006494,-0.880509,-0.389293,NA,NA,NA,NA,NA,NA
2007-07-23,-0.009548,-0.004512,0.563194,0.260835,13943.419922,237450,-0.016242,1541.569946,3102700,-0.019804
2007-07-24,-0.003517,-0.005902,0.997034,1.077498,13716.950195,296990,0.004966,1511.040039,4115830,0.004666
2007-07-25,-0.012999,-0.006627,0.149227,-0.937215,13785.070313,266860,-0.022597,1518.089966,4283200,-0.023338
2007-07-26,-0.009084,-0.006178,0.589142,0.804067,13473.570313,426880,-0.015445,1482.660034,4472550,-0.015992
2007-07-27,-0.024507,-0.007306,-0.750897,-1.109586,13265.469727,337120,0.006999,1458.949951,4784650,0.010254
2007-07-28,-0.013482,-0.003805,0.234516,0.345365,NA,NA,NA,NA,NA,NA
2007-07-29,-0.010216,-0.004990,0.449568,-0.197896,NA,NA,NA,NA,NA,NA
2007-07-30,-0.004133,-0.005049,0.956476,0.340865,13358.30957,295450,-0.010953,1473.910034,4128780,-0.012647
2007-07-31,-0.002291,-0.004664,1.113612,0.674687,13211.990234,319890,0.011382,1455.27002,4524520,0.007243
2007-08-01,-0.019045,-0.006067,-0.652412,-0.705438,13362.370117,355960,0.007556,1465.810059,5256780,0.004359
2007-08-02,-0.016632,-0.006199,-0.443598,-0.475307,13463.330078,264830,-0.020903,1472.199951,4368850,-0.026586
2007-08-03,0.003128,-0.004539,1.385430,1.097217,13181.910156,301800,0.021762,1433.060059,4272110,0.024151
2007-08-04,-0.025861,-0.005806,-1.234370,-0.356846,NA,NA,NA,NA,NA,NA
2007-08-05,-0.033970,-0.007923,-1.972568,-1.154158,NA,NA,NA,NA,NA,NA
2007-08-06,-0.026143,-0.007565,-1.249705,-0.173478,13468.780273,311810,0.002637,1467.670044,5067200,0.006159
2007-08-07,-0.012724,-0.006749,-0.077513,0.002099,13504.299805,273340,0.011371,1476.709961,4909390,0.014072
2007-08-08,0.000611,-0.002984,1.194151,1.049561,13657.860352,288040,-0.028349,1497.48999,5499560,-0.029650
2007-08-09,-0.007140,-0.003866,0.502961,-0.443397,13270.679688,362490,-0.002346,1453.089966,5889600,0.000379
2007-08-10,-0.008400,-0.006284,0.465971,-0.634754,13239.540039,338560,-0.000227,1453.640015,5345780,-0.000495
2007-08-11,0.010889,-0.003245,2.315526,1.051243,NA,NA,NA,NA,NA,NA
2007-08-12,-0.022121,-0.006872,-0.722133,-0.729854,NA,NA,NA,NA,NA,NA
2007-08-13,-0.016474,-0.005656,-0.212451,0.087457,13236.530273,215260,-0.015685,1452.920044,3696280,-0.018157
2007-08-14,-0.012140,-0.003838,0.228981,1.094060,13028.919922,269120,-0.012852,1426.540039,3814630,-0.013908
2007-08-15,-0.015060,-0.004139,-0.080636,-0.993829,12861.469727,272760,-0.001220,1406.699951,4290930,0.003249
2007-08-16,-0.009110,-0.003588,0.491625,0.681126,12845.780273,457150,0.018162,1411.27002,6509300,0.024566
2007-08-17,-0.009807,-0.005056,0.424372,0.544666,13079.080078,423940,0.003232,1445.939941,3570040,-0.000270
2007-08-18,-0.028083,-0.007319,-1.348759,-1.146316,NA,NA,NA,NA,NA,NA
2007-08-19,-0.012197,-0.008209,0.311124,1.066418,NA,NA,NA,NA,NA,NA
2007-08-20,-0.021939,-0.007329,-0.709800,-1.154511,13121.349609,231800,-0.002324,1445.550049,3321340,0.001086
2007-08-21,-0.011991,-0.004188,0.392008,1.141552,13090.860352,204000,0.011097,1447.119995,3012150,0.011713
2007-08-22,-0.023856,-0.004179,-0.984147,-1.121744,13236.129883,205530,-0.000019,1464.069946,3309120,-0.001072
2007-08-23,-0.014923,-0.005947,0.272846,-0.049269,13235.879883,198160,0.010803,1462.5,3084390,0.011535
2007-08-24,-0.004563,-0.004055,1.784729,1.094535,13378.870117,186060,-0.004241,1479.369995,2541400,-0.008504
2007-08-25,-0.019912,-0.004259,-0.442948,-0.437127,NA,NA,NA,NA,NA,NA
2007-08-26,-0.022531,-0.008024,-0.845001,0.331556,NA,NA,NA,NA,NA,NA
2007-08-27,-0.030809,-0.007767,-1.995411,-1.048839,13322.129883,152440,-0.021039,1466.790039,2406180,-0.023473
2007-08-28,-0.026008,-0.006264,-1.303686,-0.319217,13041.849609,230470,0.018973,1432.359985,3078090,0.021922
2007-08-29,-0.011674,-0.006564,0.723952,0.545923,13289.290039,227440,-0.003805,1463.76001,2824070,-0.004181
2007-08-30,-0.011149,-0.004874,0.801343,0.742921,13238.730469,193240,0.008990,1457.640015,2582960,0.011217
2007-08-31,-0.013979,-0.006047,0.380466,0.214953,13357.740234,234920,0.006822,1473.98999,2731610,0.010468
2007-09-01,-0.019575,-0.003255,-0.343915,-1.008742,NA,NA,NA,NA,NA,NA
2007-09-02,-0.016703,-0.004090,-0.078600,0.313972,NA,NA,NA,NA,NA,NA
2007-09-03,-0.015718,-0.002810,-0.042923,0.613195,NA,NA,NA,NA,NA,NA
2007-09-04,-0.015758,-0.010756,-0.029468,-0.581023,13448.860352,262260,-0.010662,1489.420044,2766600,-0.011501
2007-09-05,-0.006231,-0.004678,0.950907,1.126216,13305.469727,231850,0.004350,1472.290039,2991600,0.004252
2007-09-06,-0.018623,-0.009826,-0.368159,-1.111806,13363.349609,203600,-0.018706,1478.550049,2459590,-0.016908
2007-09-07,-0.009684,-0.006356,0.417237,1.091056,13113.379883,238300,0.001103,1453.550049,3191080,-0.001273
2007-09-08,-0.015642,-0.004092,-0.273995,0.377988,NA,NA,NA,NA,NA,NA
2007-09-09,-0.039478,-0.010313,-2.925233,-1.137673,NA,NA,NA,NA,NA,NA
2007-09-10,-0.010330,-0.003485,0.324362,0.247747,13127.849609,221760,0.013752,1451.699951,2835720,0.013632
2007-09-11,0.002751,-0.004522,1.787708,1.113753,13308.389648,200160,-0.001258,1471.48999,3015330,0.000048
2007-09-12,-0.015239,-0.008131,-0.176946,-1.138064,13291.650391,195280,0.010024,1471.560059,2885720,0.008420
2007-09-13,-0.000493,-0.003503,1.367066,1.017070,13424.879883,209950,0.001314,1483.949951,2877080,0.000202
2007-09-14,-0.008254,-0.004611,0.565057,-0.066352,13442.519531,204780,-0.002909,1484.25,2641740,-0.005120
2007-09-15,-0.014608,-0.002366,-0.052096,0.008290,NA,NA,NA,NA,NA,NA
2007-09-16,-0.021122,-0.005488,-0.632316,-0.830182,NA,NA,NA,NA,NA,NA
2007-09-17,0.001849,-0.004552,1.499713,1.138816,13403.419922,169710,0.025066,1476.650024,2598390,0.029208
2007-09-18,-0.017068,-0.005631,-0.311199,-0.878959,13739.389648,277620,0.005544,1519.780029,3708940,0.006086
2007-09-19,-0.010625,-0.002877,0.285518,0.983325,13815.55957,276590,-0.003537,1529.030029,3846750,-0.006723
2007-09-20,-0.013689,-0.004083,-0.161773,0.093867,13766.700195,200880,0.003885,1518.75,2957700,0.004609
2007-09-21,-0.017762,-0.007211,-0.625277,0.104273,13820.19043,419390,-0.004423,1525.75,3679460,-0.005256
2007-09-22,-0.023351,-0.007056,-1.293729,0.192221,NA,NA,NA,NA,NA,NA
2007-09-23,-0.033561,-0.004425,-2.566348,-0.929342,NA,NA,NA,NA,NA,NA
2007-09-24,-0.008212,-0.004611,0.620034,0.855927,13759.05957,236690,0.001424,1517.72998,3131310,-0.000343
2007-09-25,-0.016156,-0.007489,-0.319603,-0.280973,13778.650391,213040,0.007221,1517.209961,3187770,0.005411
2007-09-26,-0.019287,-0.006652,-0.676577,-0.737013,13878.150391,206560,0.002507,1525.420044,3237390,0.003907
2007-09-27,-0.001795,-0.005523,1.516623,0.860971,13912.94043,156920,-0.001244,1531.380005,2872180,-0.003023
2007-09-28,-0.007380,-0.002478,1.028171,-0.024456,13895.629883,203030,0.013812,1526.75,2925350,0.013290
2007-09-29,-0.012569,-0.004398,0.236076,-0.864303,NA,NA,NA,NA,NA,NA
2007-09-30,-0.010892,-0.002514,0.486331,0.570098,NA,NA,NA,NA,NA,NA
2007-10-01,-0.010878,-0.005895,0.487688,0.661692,14087.549805,205720,-0.002856,1547.040039,3281990,-0.000265
2007-10-02,-0.011026,-0.004392,0.332448,-0.596382,14047.30957,169270,-0.005642,1546.630005,3101910,-0.004552
2007-10-03,-0.004282,-0.003316,1.117522,1.130277,13968.049805,178920,0.000448,1539.589966,3065320,0.002111
2007-10-04,-0.012877,-0.004962,0.110241,-0.013650,13974.30957,143300,0.006562,1542.839966,2690430,0.009560
2007-10-05,-0.021126,-0.007257,-0.872492,-0.725664,14066.009766,183540,-0.001584,1557.589966,2919030,-0.003217
2007-10-06,-0.019753,-0.004963,-0.747018,-0.077771,NA,NA,NA,NA,NA,NA
2007-10-07,-0.018016,-0.004907,-0.611279,0.755636,NA,NA,NA,NA,NA,NA
2007-10-08,-0.026714,-0.007689,-1.540639,-0.903845,14043.730469,116420,0.008602,1552.579956,2040650,0.008096
2007-10-09,-0.003256,-0.003405,1.030428,1.043650,14164.530273,176740,-0.006060,1565.150024,2932040,-0.001712
2007-10-10,-0.016643,-0.005670,-0.377249,-0.778913,14078.69043,163280,-0.004515,1562.469971,3044760,-0.005158
2007-10-11,-0.013623,-0.005114,0.087773,-0.403973,14015.120117,235090,0.005563,1554.410034,3911260,0.004754
2007-10-12,0.000461,-0.004765,1.269504,1.018811,14093.080078,178740,-0.007683,1561.800049,2788690,-0.008381
2007-10-13,-0.026158,-0.005932,-1.014940,-0.478348,NA,NA,NA,NA,NA,NA
2007-10-14,-0.029309,-0.006885,-1.268089,-0.750662,NA,NA,NA,NA,NA,NA
2007-10-15,-0.013082,-0.005775,0.110960,0.276552,13984.799805,220490,-0.005138,1548.709961,3139290,-0.006573
2007-10-16,-0.006571,-0.004661,0.595916,-0.251756,13912.94043,229920,-0.001466,1538.530029,3234560,0.001761
2007-10-17,0.008160,-0.005755,1.710246,1.137959,13892.540039,315420,-0.000258,1541.23999,3638070,-0.000753
2007-10-18,-0.003907,-0.003641,0.721812,0.057989,13888.959961,205540,-0.026420,1540.079956,3203210,-0.025616
2007-10-19,-0.018277,-0.006258,-0.514596,-0.631510,13522.019531,332350,0.003324,1500.630005,4160970,0.003798
2007-10-20,-0.017391,-0.004001,-0.457251,0.607829,NA,NA,NA,NA,NA,NA
2007-10-21,-0.042784,-0.008645,-2.555748,-1.082855,NA,NA,NA,NA,NA,NA
2007-10-22,-0.003582,-0.004191,0.487844,0.807809,13566.969727,229440,0.008053,1506.329956,3471830,0.008803
2007-10-23,-0.013700,-0.004439,-0.271307,-0.462433,13676.230469,206550,-0.000072,1519.589966,3309120,-0.002441
2007-10-24,-0.015099,-0.006766,-0.405832,-0.669337,13675.25,259150,-0.000244,1515.880005,4003300,-0.000976
2007-10-25,-0.001643,-0.005790,0.619616,0.774902,13671.919922,274330,0.009858,1514.400024,4183960,0.013788
2007-10-26,-0.004618,-0.003363,0.374571,-0.997769,13806.700195,311390,0.004604,1535.280029,3612120,0.003713
2007-10-27,0.001372,-0.002905,0.832280,0.819270,NA,NA,NA,NA,NA,NA
2007-10-28,-0.020726,-0.005320,-0.934792,-0.775017,NA,NA,NA,NA,NA,NA
2007-10-29,-0.015836,-0.005893,-0.534494,-0.398354,13870.259766,207930,-0.005608,1540.97998,3124480,-0.006463
2007-10-30,0.006185,-0.002920,1.271784,1.062375,13792.469727,189730,0.009972,1531.02002,3212520,0.011992
2007-10-31,-0.007145,-0.006824,0.178033,-1.102050,13930.009766,277660,-0.025997,1549.380005,3953070,-0.026424
2007-11-01,0.012060,-0.000886,2.039226,1.070347,13567.870117,335560,0.002007,1508.439941,4241470,0.000802
2007-11-02,0.000131,-0.003400,0.793209,0.175281,13595.099609,279780,-0.003803,1509.650024,4285990,-0.004955
2007-11-03,-0.020444,-0.005503,-1.277249,-0.622137,NA,NA,NA,NA,NA,NA
2007-11-04,-0.019393,-0.006537,-1.222551,-0.467365,NA,NA,NA,NA,NA,NA
2007-11-05,-0.011430,-0.005984,-0.410162,-0.064326,13543.400391,259590,0.008679,1502.170044,3819330,0.012049
2007-11-06,-0.001764,-0.004923,0.598199,0.530481,13660.94043,252360,-0.026420,1520.27002,3879160,-0.029370
2007-11-07,-0.001233,-0.003495,0.685890,1.074716,13300.019531,273050,-0.002536,1475.619995,4353160,-0.000576
2007-11-08,-0.001568,-0.005465,0.649426,0.542358,13266.290039,403680,-0.016851,1474.77002,5439720,-0.014287
2007-11-09,-0.009760,-0.004235,-0.159290,0.198226,13042.740234,356840,-0.004232,1453.699951,4587050,-0.009988
2007-11-10,-0.025034,-0.006203,-1.687765,-0.912502,NA,NA,NA,NA,NA,NA
2007-11-11,-0.019207,-0.005421,-1.087797,-0.363485,NA,NA,NA,NA,NA,NA
2007-11-12,0.002352,-0.003028,1.461530,0.923993,12987.549805,291980,0.024604,1439.180054,4192520,0.029093
2007-11-13,-0.006185,-0.005067,0.533251,-0.377110,13307.089844,298250,-0.005717,1481.050049,4141310,-0.007069
2007-11-14,-0.008329,-0.005225,0.300607,-1.030607,13231.009766,267510,-0.009142,1470.579956,4031470,-0.013212
2007-11-15,-0.004418,-0.004837,0.721412,1.067256,13110.049805,242570,0.005091,1451.150024,3941010,0.005230
2007-11-16,-0.010778,-0.006002,0.057662,-1.143902,13176.790039,314920,-0.016571,1458.73999,4168870,-0.017460
2007-11-17,-0.003320,-0.005168,0.928652,0.862181,NA,NA,NA,NA,NA,NA
2007-11-18,-0.026576,-0.005601,-1.601145,-0.994249,NA,NA,NA,NA,NA,NA
2007-11-19,-0.015146,-0.007952,-0.272277,0.155030,12958.44043,285790,0.003990,1433.27002,4119650,0.004486
2007-11-20,-0.008062,-0.004992,0.478712,0.274993,13010.139648,325810,-0.016226,1439.699951,4875150,-0.015927
2007-11-21,-0.005201,-0.006074,0.780401,0.889808,12799.040039,284550,0.014207,1416.77002,4076230,0.016890
2007-11-22,-0.013291,-0.001962,-0.126357,-0.755626,NA,NA,NA,NA,NA,NA
2007-11-23,-0.011675,-0.004898,0.084624,0.641081,12980.879883,122250,-0.018291,1440.699951,1612720,-0.023239
2007-11-24,-0.033973,-0.006997,-2.473521,-1.028523,NA,NA,NA,NA,NA,NA
2007-11-25,-0.021824,-0.005314,-1.101653,0.099004,NA,NA,NA,NA,NA,NA
2007-11-26,-0.012827,-0.007665,-0.085170,0.682908,12743.44043,265610,0.016871,1407.219971,3706470,0.014930
2007-11-27,-0.013898,-0.006776,-0.281665,-0.702448,12958.44043,296070,0.025544,1428.22998,4320720,0.028560
2007-11-28,-0.006286,-0.004879,0.513729,1.147958,13289.450195,310080,0.001677,1469.02002,4508020,0.000476
2007-11-29,-0.014916,-0.006268,-0.409884,-1.079226,13311.730469,201410,0.004506,1469.719971,3524730,0.007770
2007-11-30,-0.001427,-0.002143,0.931772,1.154574,13371.719727,312570,-0.004274,1481.140015,4422200,-0.005887
2007-12-01,-0.014688,-0.001979,-0.476893,-0.083047,NA,NA,NA,NA,NA,NA
2007-12-02,-0.025004,-0.006186,-1.431971,-0.972222,NA,NA,NA,NA,NA,NA
2007-12-03,-0.002573,-0.002911,0.472347,0.516690,13314.570313,212170,-0.004945,1472.420044,3323250,-0.006540
2007-12-04,-0.000970,-0.002646,0.572577,1.097153,13248.730469,204940,0.014811,1462.790039,3343620,0.015190
2007-12-05,-0.003322,-0.004455,0.324763,0.198790,13444.959961,256800,0.013011,1485.01001,3663660,0.015037
2007-12-06,-0.007715,-0.006722,-0.045613,-0.779156,13619.889648,197270,0.000418,1507.339966,3568570,-0.001778
2007-12-07,0.011735,-0.002667,1.619181,1.122636,13625.580078,179420,0.007446,1504.660034,3177710,0.007510
2007-12-08,-0.013994,-0.006888,-0.721953,-0.529119,NA,NA,NA,NA,NA,NA
2007-12-09,-0.015449,-0.002933,-0.849429,-0.689978,NA,NA,NA,NA,NA,NA
2007-12-10,-0.003984,-0.004549,0.075389,0.023621,13727.030273,190220,-0.021437,1515.959961,2911760,-0.025271
2007-12-11,0.006696,-0.003283,0.927681,0.385359,13432.769531,280630,0.003062,1477.650024,4080180,0.006050
2007-12-12,0.009256,-0.002261,1.134842,1.122736,13473.900391,310470,0.003270,1486.589966,4482120,0.001224
2007-12-13,0.007320,-0.002178,0.963114,0.421440,13517.959961,248800,-0.013176,1488.410034,3635170,-0.013746
2007-12-14,-0.002811,-0.003975,0.121754,-0.045621,13339.849609,245590,-0.012942,1467.949951,3401050,-0.015021
2007-12-15,-0.011642,-0.003630,-0.527209,0.287600,NA,NA,NA,NA,NA,NA
2007-12-16,-0.034662,-0.007726,-2.345565,-1.096650,NA,NA,NA,NA,NA,NA
2007-12-17,-0.000820,-0.003409,0.351473,0.389669,13167.200195,243400,0.004957,1445.900024,3569030,0.006280
2007-12-18,0.007094,-0.004102,1.123684,1.065892,13232.469727,233020,-0.001904,1454.97998,3723690,-0.001361
2007-12-19,-0.005834,-0.003661,0.071874,-1.017008,13207.269531,208330,0.002905,1453,3401300,0.004900
2007-12-20,0.000969,-0.001599,0.592692,-0.078981,13245.639648,203910,0.015478,1460.119995,3526890,0.016670
2007-12-21,0.009605,-0.002565,1.197049,1.002154,13450.650391,430600,0.007389,1484.459961,4508590,0.008077
2007-12-22,-0.007556,-0.004347,-0.087289,0.034767,NA,NA,NA,NA,NA,NA
2007-12-23,-0.026605,-0.007352,-1.612878,-1.153586,NA,NA,NA,NA,NA,NA
2007-12-24,-0.006563,-0.002256,0.024401,1.095852,13550.040039,86400,0.000122,1496.449951,1267420,0.000809
2007-12-25,-0.020156,-0.006325,-1.100059,-1.033058,NA,NA,NA,NA,NA,NA
2007-12-26,-0.012647,-0.002594,-0.449286,-0.188360,13551.69043,122410,-0.014174,1497.660034,2010500,-0.014282
2007-12-27,0.000889,-0.003848,0.601662,1.139128,13359.610352,145770,0.000469,1476.27002,2365770,0.001504
2007-12-28,-0.010281,-0.004209,-0.336763,0.068719,13365.870117,142930,-0.007560,1478.48999,2420510,-0.006852
2007-12-29,-0.024022,-0.006351,-1.547192,-1.125448,NA,NA,NA,NA,NA,NA
2007-12-30,-0.006083,-0.004817,0.031655,0.039824,NA,NA,NA,NA,NA,NA
2007-12-31,0.009832,-0.002231,1.375587,1.123554,13264.820313,167240,-0.016650,1468.359985,2440880,-0.014438
2008-01-01,-0.011132,-0.001815,-0.419455,-1.154491,NA,NA,NA,NA,NA,NA
2008-01-02,0.010298,-0.002892,1.487743,1.043794,13043.959961,239580,0.000978,1447.160034,3452650,0.000000
2008-01-03,-0.001937,-0.002808,0.392602,-1.112748,13056.719727,200620,-0.019648,1447.160034,3429500,-0.024552
2008-01-04,0.006923,-0.002587,1.202208,0.856038,12800.179688,304210,0.002134,1411.630005,4166000,0.003223
2008-01-05,-0.021337,-0.004640,-1.579475,-0.713299,NA,NA,NA,NA,NA,NA
2008-01-06,-0.017021,-0.003954,-1.228973,-0.180759,NA,NA,NA,NA,NA,NA
2008-01-07,-0.009437,-0.002749,-0.504560,-0.185593,12827.490234,306700,-0.018587,1416.180054,4221260,-0.018352
2008-01-08,0.004106,-0.002928,0.728696,1.021210,12589.070313,322690,0.011616,1390.189941,4705390,0.013624
2008-01-09,-0.003111,-0.005124,-0.010734,-1.096608,12735.30957,332900,0.009248,1409.130005,5351030,0.007948
2008-01-10,0.007501,-0.003614,1.080444,0.873561,12853.089844,325330,-0.019201,1420.329956,5170490,-0.013595
2008-01-11,0.003955,-0.003334,0.842611,0.379225,12606.299805,301890,0.013632,1401.02002,4495840,0.010871
2008-01-12,-0.010329,-0.002220,-0.671555,-0.181828,NA,NA,NA,NA,NA,NA
2008-01-13,-0.018431,-0.004078,-1.515632,-1.018952,NA,NA,NA,NA,NA,NA
2008-01-14,-0.003125,-0.004681,0.093308,0.575200,12778.150391,245370,-0.021681,1416.25,3682090,-0.024925
2008-01-15,-0.003087,-0.002945,0.148720,-0.568961,12501.110352,339700,-0.002796,1380.949951,4601640,-0.005612
2008-01-16,0.000830,-0.004290,0.568862,-0.260110,12466.160156,500040,-0.024623,1373.199951,5440620,-0.029093
2008-01-17,0.009978,-0.003354,1.200993,1.154277,12159.209961,439830,-0.004927,1333.25,5303130,-0.006045
2008-01-18,0.000539,-0.004259,0.533849,0.095971,12099.299805,483300,-0.010588,1325.189941,6004840,-0.011085
2008-01-19,-0.012088,-0.003851,-0.261730,-0.158070,NA,NA,NA,NA,NA,NA
2008-01-20,-0.019837,-0.003576,-0.791346,-1.006929,NA,NA,NA,NA,NA,NA
2008-01-21,-0.004657,-0.002412,0.305332,0.261134,NA,NA,NA,NA,NA,NA
2008-01-22,0.001816,-0.002162,0.797497,0.114476,11971.19043,506500,0.024975,1310.5,6544690,0.021442
2008-01-23,0.006384,-0.005464,1.064109,0.959876,12270.169922,536520,0.008838,1338.599976,3241680,0.010063
2008-01-24,-0.003929,-0.004450,0.379253,-0.709370,12378.610352,387900,-0.013850,1352.069946,5735300,-0.015872
2008-01-25,-0.002398,-0.003380,0.448918,0.636244,12207.169922,393660,0.014477,1330.609985,4882250,0.017548
2008-01-26,-0.025238,-0.006382,-0.886563,0.012430,NA,NA,NA,NA,NA,NA
2008-01-27,-0.048946,-0.015664,-2.271019,-1.039062,NA,NA,NA,NA,NA,NA
2008-01-28,-0.035606,-0.014052,-1.486450,-0.166817,12383.889648,278990,0.007785,1353.959961,4100930,0.006160
2008-01-29,-0.013237,-0.018450,-0.118116,0.214958,12480.299805,285090,-0.003002,1362.300049,4232960,-0.004764
2008-01-30,-0.001922,-0.009495,0.591947,1.111190,12442.830078,334680,0.016679,1355.810059,4742760,0.016772
2008-01-31,-0.010063,-0.005339,0.130570,-1.133256,12650.360352,394330,0.007338,1378.550049,4970290,0.012237
2008-02-01,-0.003573,-0.005147,0.508085,0.043626,12743.19043,379580,-0.008477,1395.420044,4650770,-0.010463
2008-02-02,0.002120,-0.004151,0.835840,0.674262,NA,NA,NA,NA,NA,NA
2008-02-03,-0.049878,-0.004539,-2.209701,-1.154619,NA,NA,NA,NA,NA,NA
2008-02-04,0.002838,-0.004879,0.845306,0.783480,12635.160156,237410,-0.029286,1380.819946,3495780,-0.031995
2008-02-05,-0.009324,-0.003464,0.131266,-0.235515,12265.129883,334380,-0.005302,1336.640015,4315740,-0.007624
2008-02-06,-0.015037,-0.007827,-0.241293,-1.006716,12200.099609,296360,0.003844,1326.449951,4008120,0.007886
2008-02-07,-0.003840,-0.004447,0.341417,-0.056590,12247,326200,-0.005297,1336.910034,4589160,-0.004204
2008-02-08,0.009437,-0.002722,1.152395,0.928410,12182.129883,262200,0.004751,1331.290039,3768490,0.005889
2008-02-09,-0.023624,-0.005713,-1.236645,-0.430623,NA,NA,NA,NA,NA,NA
2008-02-10,-0.029547,-0.006016,-1.589491,-0.785486,NA,NA,NA,NA,NA,NA
2008-02-11,-0.004125,-0.002332,0.158837,0.362248,12240.009766,268100,0.010899,1339.130005,3593140,0.007266
2008-02-12,0.002791,-0.002555,0.600312,0.701051,12373.410156,256970,0.014453,1348.859985,4044640,0.013604
2008-02-13,0.001829,-0.006707,0.572279,-0.722552,12552.240234,236300,-0.013962,1367.209961,3856420,-0.013421
2008-02-14,0.007735,-0.002354,1.149683,1.138392,12376.980469,233790,-0.002325,1348.859985,3644760,0.000838
2008-02-15,0.002884,-0.004621,0.756859,0.269644,12348.209961,289800,-0.000890,1349.98999,3583300,-0.000896
2008-02-16,-0.008877,-0.004247,-0.359828,-0.572389,NA,NA,NA,NA,NA,NA
2008-02-17,-0.008945,-0.003707,-0.454783,-0.580661,NA,NA,NA,NA,NA,NA
2008-02-18,0.008720,-0.001561,1.139366,0.687534,NA,NA,NA,NA,NA,NA
2008-02-19,0.006526,-0.004421,1.021371,0.494689,12337.219727,257550,0.007298,1348.780029,3613550,0.008341
2008-02-20,-0.015825,-0.004906,-1.277200,-0.920520,12427.259766,297990,-0.011504,1360.030029,3870520,-0.012867
2008-02-21,-0.007073,-0.004230,-0.557690,-0.109819,12284.299805,293420,0.007873,1342.530029,3696660,0.007881
2008-02-22,0.005150,-0.002685,0.941183,1.151884,12381.019531,307090,0.015281,1353.109985,3572660,0.013813
2008-02-23,-0.008102,-0.004379,-0.721300,-0.044623,NA,NA,NA,NA,NA,NA
2008-02-24,-0.019690,-0.002646,-2.168827,-1.130512,NA,NA,NA,NA,NA,NA
2008-02-25,-0.004940,-0.005491,-0.298967,0.253819,12570.219727,288600,0.009125,1371.800049,3866350,0.006918
2008-02-26,0.001529,-0.003005,0.573330,0.192197,12684.919922,291760,0.000738,1381.290039,4096060,-0.000919
2008-02-27,0.005071,-0.003504,1.033752,1.046104,12694.280273,263720,-0.008831,1380.02002,3904700,-0.008942
2008-02-28,-0.001088,-0.004326,0.195721,-0.611936,12582.179688,247270,-0.025098,1367.680054,3938580,-0.027090
2008-02-29,-0.000845,-0.004052,0.284398,0.615964,12266.389648,351870,-0.000611,1330.630005,4426730,0.000534
2008-03-01,-0.006367,-0.004251,-0.447161,0.022481,NA,NA,NA,NA,NA,NA
2008-03-02,-0.012275,-0.003135,-1.555259,-0.930570,NA,NA,NA,NA,NA,NA
2008-03-03,0.002336,-0.004033,0.706902,0.540038,12258.900391,259730,-0.003679,1331.339966,4117570,-0.003448
2008-03-04,0.002973,-0.004422,0.924303,0.707338,12213.799805,347720,0.003372,1326.75,4757180,0.005238
2008-03-05,-0.001385,-0.004265,0.201806,-1.080358,12254.990234,304570,-0.017511,1333.699951,4277710,-0.022014
2008-03-06,0.005400,-0.002796,1.469298,1.140508,12040.389648,283100,-0.012184,1304.339966,4323460,-0.008410
2008-03-07,-0.002749,-0.002636,-0.158122,-0.107971,11893.69043,307580,-0.012909,1293.369995,4565410,-0.015463
2008-03-08,-0.008618,-0.004651,-1.279071,-1.154560,NA,NA,NA,NA,NA,NA
2008-03-09,-0.002642,-0.004410,-0.064563,0.084700,NA,NA,NA,NA,NA,NA
2008-03-10,0.001983,-0.003809,0.878009,1.150000,11740.150391,312020,0.035490,1273.369995,4261240,0.037130
2008-03-11,-0.002183,-0.003946,0.102157,-0.997057,12156.80957,372330,-0.003831,1320.650024,5109080,-0.008996
2008-03-12,-0.000118,-0.004824,0.522181,-0.100565,12110.240234,288130,0.002931,1308.77002,4414280,0.005127
2008-03-13,0.002683,-0.003838,1.080368,0.774504,12145.740234,336260,-0.016026,1315.47998,5073360,-0.020783
2008-03-14,-0.010012,-0.005430,-1.490635,-0.970335,11951.089844,380810,0.001771,1288.140015,5153780,-0.008959
2008-03-15,-0.004207,-0.002715,-0.283764,1.134379,NA,NA,NA,NA,NA,NA
2008-03-16,-0.011443,-0.004024,-1.771194,-1.035617,NA,NA,NA,NA,NA,NA
2008-03-17,0.001555,-0.002819,0.955969,0.673623,11972.25,382890,0.035115,1276.599976,5683010,0.042410
2008-03-18,0.000141,-0.003109,0.554670,0.128392,12392.660156,367780,-0.023643,1330.73999,5335630,-0.024287
2008-03-19,-0.001952,-0.003214,0.186869,-0.829443,12099.660156,328460,0.021625,1298.420044,5358550,0.023944
2008-03-20,-0.001360,-0.002349,0.323018,0.650284,12361.320313,502650,0.015154,1329.51001,6145220,0.015321
2008-03-21,-0.008513,-0.003838,-0.885853,-0.430467,NA,NA,NA,NA,NA,NA
2008-03-22,-0.009796,-0.004584,-0.952934,-0.977097,NA,NA,NA,NA,NA,NA
2008-03-23,-0.007048,-0.003712,-0.527290,-0.384066,NA,NA,NA,NA,NA,NA
2008-03-24,0.004331,-0.003151,1.133491,1.096593,12548.639648,264320,-0.001278,1349.880005,4499000,0.002304
2008-03-25,-0.003407,-0.003596,-0.063170,-0.817190,12532.599609,237650,-0.008756,1352.98999,4145120,-0.008766
2008-03-26,-0.001328,-0.004536,0.279175,-0.234744,12422.860352,235020,-0.009692,1341.130005,4055670,-0.011460
2008-03-27,0.003087,-0.003893,0.931174,0.377059,12302.459961,235390,-0.006995,1325.76001,4037930,-0.007950
2008-03-28,0.004196,-0.001825,1.126723,0.621342,12216.400391,209000,0.003805,1315.219971,3686980,0.005687
2008-03-29,-0.017894,-0.004671,-2.176987,-0.981638,NA,NA,NA,NA,NA,NA
2008-03-30,-0.007441,-0.003806,-0.635601,0.014643,NA,NA,NA,NA,NA,NA
2008-03-31,0.002561,-0.003325,0.858781,1.076632,12262.889648,273610,0.031923,1322.699951,4188990,0.035896
2008-04-01,-0.013210,-0.005176,-1.528273,-1.153852,12654.360352,295530,-0.003591,1370.180054,4745120,-0.001934
2008-04-02,0.001878,-0.004205,0.736055,0.247396,12608.919922,232760,0.001357,1367.530029,4320440,0.001302
2008-04-03,0.008658,-0.003440,1.657178,1.090290,12626.030273,183870,-0.001316,1369.310059,3920100,0.000796
2008-04-04,-0.001541,-0.004371,0.263524,-0.098859,12609.419922,181260,0.000239,1370.400024,3703100,0.001562
2008-04-05,-0.009098,-0.004025,-0.736445,-0.395282,NA,NA,NA,NA,NA,NA
2008-04-06,-0.010807,-0.002939,-0.964126,-0.735589,NA,NA,NA,NA,NA,NA
2008-04-07,-0.001173,-0.003934,0.324127,0.307580,12612.429688,198070,-0.002853,1372.540039,3747780,-0.005100
2008-04-08,0.002223,-0.003780,0.753272,1.117349,12576.44043,197200,-0.003911,1365.540039,3602500,-0.008092
2008-04-09,-0.000285,-0.002750,0.419848,0.071302,12527.259766,194950,0.004368,1354.48999,3556670,0.004474
2008-04-10,-0.003394,-0.004019,0.083971,-0.318033,12581.980469,227330,-0.020391,1360.550049,3686150,-0.020374
2008-04-11,-0.004441,-0.006288,-0.039559,0.500469,12325.419922,286850,-0.001895,1332.829956,3723790,-0.003384
2008-04-12,-0.015934,-0.003005,-1.512774,-0.695834,NA,NA,NA,NA,NA,NA
2008-04-13,-0.014401,-0.004246,-1.328134,-0.517027,NA,NA,NA,NA,NA,NA
2008-04-14,0.007182,-0.003905,1.427390,0.939397,12302.05957,216010,0.004911,1328.319946,3565020,0.004600
2008-04-15,-0.001791,-0.006193,0.241196,-0.716314,12362.469727,208950,0.020773,1334.430054,3581230,0.022691
2008-04-16,-0.000390,-0.004077,0.400521,0.845226,12619.269531,269490,0.000097,1364.709961,4260370,0.000623
2008-04-17,-0.000812,-0.004138,0.328646,-0.631644,12620.490234,217000,0.018135,1365.560059,3713880,0.018139
2008-04-18,0.006004,-0.002707,1.156394,0.870249,12849.360352,304030,-0.001894,1390.329956,4222380,-0.001554
2008-04-19,-0.014637,-0.004842,-1.437609,-0.280232,NA,NA,NA,NA,NA,NA
2008-04-20,-0.022798,-0.005711,-2.455254,-0.863520,NA,NA,NA,NA,NA,NA
2008-04-21,0.002526,-0.003967,0.670029,0.554354,12825.019531,192400,-0.008171,1388.170044,3420570,-0.008810
2008-04-22,0.003203,-0.003097,0.737411,0.879043,12720.230469,214950,0.003380,1375.939941,3821900,0.002900
2008-04-23,0.001215,-0.004720,0.486122,0.343185,12763.219727,244120,0.006717,1379.930054,4103610,0.006442
2008-04-24,-0.005422,-0.004128,-0.444248,-1.089513,12848.950195,249920,0.003340,1388.819946,4461660,0.006495
2008-04-25,0.004590,-0.003264,1.028540,1.153206,12891.860352,240760,-0.001560,1397.839966,3891150,-0.001052
2008-04-26,-0.006029,-0.004472,-0.486921,-0.527183,NA,NA,NA,NA,NA,NA
2008-04-27,-0.006654,-0.004185,-0.582675,-0.634772,NA,NA,NA,NA,NA,NA
2008-04-28,0.002911,-0.004015,0.768548,0.703301,12871.75,222300,-0.003093,1396.369995,3607000,-0.003889
2008-04-29,0.001556,-0.003549,0.661597,-1.128173,12831.94043,218020,-0.000920,1390.939941,3815320,-0.003846
2008-04-30,0.003302,-0.003948,0.922450,1.047571,12820.129883,255070,0.014810,1385.589966,4508890,0.017141
2008-05-01,0.000279,-0.004024,0.472167,-0.155795,13010,245480,0.003705,1409.339966,4448780,0.003236
2008-05-02,-0.001589,-0.003805,0.120291,0.438201,13058.200195,205410,-0.006790,1413.900024,3953030,-0.004534
2008-05-03,-0.012627,-0.004631,-2.292794,-1.097832,NA,NA,NA,NA,NA,NA
2008-05-04,-0.005086,-0.004959,-0.621507,0.452877,NA,NA,NA,NA,NA,NA
2008-05-05,-0.003952,-0.005200,-0.383698,-0.367324,12969.540039,197810,0.003955,1407.48999,3410090,0.007652
2008-05-06,0.000331,-0.004629,0.571581,0.425824,13020.830078,199370,-0.015858,1418.26001,3924100,-0.018114
2008-05-07,0.001125,-0.005014,0.742493,0.808207,12814.349609,235000,0.004092,1392.569946,4075860,0.003670
2008-05-08,-0.001946,-0.004765,0.187771,-0.393413,12866.780273,195570,-0.009396,1397.680054,3827550,-0.006725
2008-05-09,-0.002649,-0.003970,0.099810,0.392714,12745.879883,180240,0.010233,1388.280029,3518620,0.011021
2008-05-10,-0.005708,-0.004054,-0.380114,0.138663,NA,NA,NA,NA,NA,NA
2008-05-11,-0.010388,-0.004609,-1.137443,-1.017176,NA,NA,NA,NA,NA,NA
2008-05-12,-0.001498,-0.004325,0.529170,0.306050,12876.30957,198110,-0.003427,1403.579956,3370630,-0.000385
2008-05-13,0.001657,-0.004007,1.056287,1.080825,12832.179688,236710,0.005159,1403.040039,4018590,0.004006
2008-05-14,-0.000373,-0.005527,0.690255,0.208834,12898.379883,206820,0.007309,1408.660034,3979370,0.010584
2008-05-15,-0.004299,-0.004826,0.121409,-0.950400,12992.660156,217780,-0.000451,1423.569946,3836480,0.001250
2008-05-16,0.004827,-0.003053,1.438275,1.027856,12986.799805,249260,0.003185,1425.349976,3842590,0.000898
2008-05-17,-0.011957,-0.004885,-0.924744,-0.298470,NA,NA,NA,NA,NA,NA
2008-05-18,-0.018111,-0.005199,-1.817262,-0.888725,NA,NA,NA,NA,NA,NA
2008-05-19,-0.000645,-0.005226,0.841996,0.806097,13028.160156,193770,-0.015311,1426.630005,3683970,-0.009274
2008-05-20,-0.005119,-0.004496,0.233791,-0.144540,12828.679688,265220,-0.017733,1413.400024,3854320,-0.016054
2008-05-21,-0.007989,-0.004065,-0.079242,-1.063097,12601.19043,265810,0.001939,1390.709961,4517990,0.002617
2008-05-22,-0.006248,-0.005913,0.220111,-0.396116,12625.620117,216360,-0.011563,1394.349976,3955960,-0.013210
2008-05-23,0.001487,-0.002392,1.237081,0.990040,12479.629883,190210,0.005507,1375.930054,3516380,0.006846
2008-05-24,-0.014452,-0.004920,-0.708492,-0.232771,NA,NA,NA,NA,NA,NA
2008-05-25,-0.022013,-0.005861,-1.692194,-0.936231,NA,NA,NA,NA,NA,NA
2008-05-26,-0.003644,-0.004060,0.680796,0.871295,NA,NA,NA,NA,NA,NA
2008-05-27,-0.009733,-0.006006,-0.029792,-1.065461,12548.349609,201530,0.003640,1385.349976,3588860,0.003963
2008-05-28,-0.006010,-0.004862,0.524514,1.059414,12594.030273,213680,0.004144,1390.839966,3927240,0.005335
2008-05-29,-0.008242,-0.006033,0.249243,0.166317,12646.219727,206420,-0.000625,1398.26001,3894440,0.001516
2008-05-30,-0.011979,-0.005339,-0.152629,0.261874,12638.320313,210230,-0.010642,1400.380005,3845630,-0.010504
2008-05-31,-0.020767,-0.005970,-1.282406,-0.299389,NA,NA,NA,NA,NA,NA
2008-06-01,-0.023976,-0.006570,-1.681454,-0.798747,NA,NA,NA,NA,NA,NA
2008-06-02,-0.011028,-0.005657,-0.092730,0.395460,12503.820313,199090,-0.008075,1385.670044,3714320,-0.005788
2008-06-03,-0.008102,-0.006027,0.312989,-0.247137,12402.849609,227460,-0.000997,1377.650024,4396380,-0.000327
2008-06-04,-0.001598,-0.005127,1.143200,0.645804,12390.480469,238590,0.017269,1377.199951,4338640,0.019496
2008-06-05,-0.002104,-0.005174,1.061964,0.501302,12604.450195,236160,-0.031310,1404.050049,4350790,-0.030889
2008-06-06,-0.007716,-0.006541,0.447972,0.265153,12209.80957,307820,0.005775,1360.680054,4771660,0.000794
2008-06-07,-0.021084,-0.006752,-1.216871,-0.433626,NA,NA,NA,NA,NA,NA
2008-06-08,-0.023427,-0.007284,-1.491808,-0.786899,NA,NA,NA,NA,NA,NA
2008-06-09,-0.013440,-0.006908,-0.317247,-0.143737,12280.320313,266350,0.000769,1361.76001,4404570,-0.002438
2008-06-10,0.002093,-0.003927,1.402227,1.091681,12289.759766,240760,-0.016761,1358.439941,4635070,-0.016894
2008-06-11,-0.008284,-0.006123,0.202854,-1.081602,12083.769531,247120,0.004784,1335.48999,4779980,0.003280
2008-06-12,-0.001591,-0.006040,0.989669,0.980967,12141.580078,260960,0.013653,1339.869995,4734240,0.015046
2008-06-13,-0.004752,-0.007082,0.563704,0.364681,12307.349609,247980,-0.003109,1360.030029,4080420,0.000081
2008-06-14,-0.016517,-0.011029,-0.831861,-0.084570,NA,NA,NA,NA,NA,NA
2008-06-15,-0.025628,-0.010173,-1.892368,-1.132704,NA,NA,NA,NA,NA,NA
2008-06-16,-0.014165,-0.007095,-0.509889,0.102921,12269.080078,222140,-0.008866,1360.140015,3706940,-0.006771
2008-06-17,-0.005779,-0.009179,0.551983,0.185983,12160.299805,174690,-0.010793,1350.930054,3801960,-0.009712
2008-06-18,-0.001089,-0.007128,1.098942,1.133722,12029.05957,212900,0.002829,1337.810059,4573570,0.003752
2008-06-19,-0.004838,-0.007696,0.655601,-1.141347,12063.089844,230920,-0.018271,1342.829956,4811670,-0.018543
2008-06-20,-0.000361,-0.005906,1.134678,0.815666,11842.69043,429700,-0.000028,1317.930054,5324900,0.000053
2008-06-21,-0.017128,-0.007379,-0.785352,-0.353322,NA,NA,NA,NA,NA,NA
2008-06-22,-0.021903,-0.007800,-1.364568,-0.807881,NA,NA,NA,NA,NA,NA
2008-06-23,-0.003408,-0.006276,0.937623,0.562338,11842.360352,182870,-0.002950,1318,4186370,-0.002815
2008-06-24,-0.003086,-0.005655,1.045989,0.664468,11807.429688,225270,0.000373,1314.290039,4705050,0.005843
2008-06-25,-0.006353,-0.004712,0.639533,0.027078,11811.830078,236160,-0.030343,1321.969971,4825640,-0.029365
2008-06-26,-0.009897,-0.006393,0.192753,0.325895,11453.419922,302550,-0.009334,1283.150024,5231280,-0.003717
2008-06-27,-0.020805,-0.008372,-1.211618,-0.788264,11346.509766,338250,0.000308,1278.380005,6208260,0.001267
2008-06-28,-0.018230,-0.007894,-0.906176,0.894842,NA,NA,NA,NA,NA,NA
2008-06-29,-0.025388,-0.006332,-1.758397,-0.912668,NA,NA,NA,NA,NA,NA
2008-06-30,-0.006635,-0.005371,0.427642,0.674212,11350.009766,282210,0.002841,1280,5032330,0.003836
2008-07-01,-0.008687,-0.006026,0.119421,-0.383610,11382.259766,299590,-0.014650,1284.910034,5846290,-0.018204
2008-07-02,-0.009184,-0.005605,0.028159,-0.695822,11215.509766,230690,0.006512,1261.52002,5276090,0.001094
2008-07-03,-0.005459,-0.005629,0.393543,0.956763,11288.540039,176910,-0.005012,1262.900024,3247590,-0.008385
2008-07-04,-0.013949,-0.005260,-0.544453,-0.173174,NA,NA,NA,NA,NA,NA
2008-07-05,-0.018907,-0.006599,-1.074535,0.047515,NA,NA,NA,NA,NA,NA
2008-07-06,-0.024626,-0.007277,-1.718043,-0.775271,NA,NA,NA,NA,NA,NA
2008-07-07,0.001189,-0.004583,1.161665,0.766835,11231.959961,248240,0.013555,1252.310059,5265420,0.017080
2008-07-08,-0.004287,-0.004803,0.493060,-1.054902,11384.209961,271500,-0.020798,1273.699951,6034110,-0.022776
2008-07-09,-0.001050,-0.005704,0.871347,0.171579,11147.44043,227100,0.007318,1244.689941,5181000,0.006990
2008-07-10,0.000850,-0.004553,1.136265,-0.416954,11229.019531,248010,-0.011442,1253.390015,5840430,-0.011090
2008-07-11,0.010488,-0.003434,2.289771,0.994451,11100.540039,275010,-0.004085,1239.48999,6742200,-0.009028
2008-07-12,-0.009113,-0.005439,-0.217148,-0.425375,NA,NA,NA,NA,NA,NA
2008-07-13,-0.012759,-0.006533,-0.706168,-0.937364,NA,NA,NA,NA,NA,NA
2008-07-14,-0.003933,-0.005193,0.247917,1.054099,11055.19043,205360,-0.008381,1228.300049,5434860,-0.010901
2008-07-15,-0.009137,-0.005700,-0.400915,-1.136830,10962.540039,331390,0.025244,1214.910034,7363640,0.025064
2008-07-16,-0.004903,-0.005618,-0.007402,1.149812,11239.280273,307590,0.018451,1245.359985,6738630,0.012013
2008-07-17,-0.008708,-0.006137,-0.498524,-1.087728,11446.660156,335260,0.004360,1260.319946,7365210,0.000286
2008-07-18,-0.006201,-0.004657,-0.167191,0.763085,11496.570313,378610,-0.002543,1260.680054,5653280,-0.000539
2008-07-19,-0.018256,-0.005546,-1.673280,-0.845753,NA,NA,NA,NA,NA,NA
2008-07-20,-0.014621,-0.005525,-1.221608,-0.371438,NA,NA,NA,NA,NA,NA
2008-07-21,-0.000593,-0.005171,0.522509,0.632176,11467.339844,212850,0.011787,1260,4630640,0.013492
2008-07-22,-0.001469,-0.005623,0.528455,-0.213831,11602.5,273690,0.002575,1277,6180230,0.004064
2008-07-23,-0.001914,-0.004821,0.480689,-0.605547,11632.379883,264520,-0.024337,1282.189941,6705830,-0.023124
2008-07-24,0.011852,-0.002031,2.331507,1.141214,11349.280273,241140,0.001886,1252.540039,6127980,0.004168
2008-07-25,0.000337,-0.005275,0.787155,-0.250091,11370.69043,190920,-0.021073,1257.76001,4672560,-0.018597
2008-07-26,-0.004785,-0.004179,0.032822,0.331757,NA,NA,NA,NA,NA,NA
2008-07-27,-0.020985,-0.006449,-2.134006,-1.149628,NA,NA,NA,NA,NA,NA
2008-07-28,-0.002925,-0.005551,0.224599,0.637184,11131.080078,197550,0.023940,1234.369995,4282960,0.023356
2008-07-29,-0.004154,-0.004983,0.151065,-0.731431,11397.55957,206930,0.016331,1263.199951,5414240,0.016672
2008-07-30,0.002958,-0.004560,0.919032,1.113993,11583.69043,208520,-0.017755,1284.26001,5631330,-0.013144
2008-07-31,-0.002219,-0.005039,0.411764,-0.815758,11378.019531,220200,-0.004544,1267.380005,5346050,-0.005578
2008-08-01,-0.000836,-0.005232,0.562012,0.685487,11326.320313,189700,-0.003723,1260.310059,4684870,-0.008966
2008-08-02,-0.012176,-0.005311,-0.457932,-0.568916,NA,NA,NA,NA,NA,NA
2008-08-03,-0.012286,-0.006219,-0.425513,-0.589947,NA,NA,NA,NA,NA,NA
2008-08-04,-0.004649,-0.004584,0.434070,0.106755,11284.150391,170250,0.029388,1249.01001,4562280,0.028719
2008-08-05,0.000873,-0.005275,1.078091,0.665130,11615.769531,234990,0.003469,1284.880005,1219310,0.003354
2008-08-06,0.000325,-0.003877,1.052978,0.494793,11656.070313,180060,-0.019272,1289.189941,4873420,-0.017934
2008-08-07,-0.005268,-0.004967,0.494058,0.341733,11431.429688,229610,0.026496,1266.069946,5319380,0.023893
2008-08-08,-0.023816,-0.005482,-1.331419,-0.337823,11734.320313,212830,0.004093,1296.319946,4966810,0.006943
2008-08-09,-0.029514,-0.007334,-1.909620,-0.751585,NA,NA,NA,NA,NA,NA
2008-08-10,-0.028402,-0.005595,-1.835283,-0.537393,NA,NA,NA,NA,NA,NA
2008-08-11,-0.004595,-0.004887,0.728208,0.821424,11782.349609,183190,-0.011872,1305.319946,5067310,-0.012051
2008-08-12,-0.011108,-0.004980,0.041099,-0.491351,11642.469727,173590,-0.009406,1289.589966,4711290,-0.002916
2008-08-13,-0.011774,-0.005381,-0.004019,-0.975603,11532.959961,182550,0.007194,1285.829956,4787600,0.005522
2008-08-14,-0.010340,-0.005283,0.214281,-0.056726,11615.929688,159790,0.003785,1292.930054,4064000,0.004076
2008-08-15,-0.008640,-0.005629,0.445690,0.657826,11659.900391,215040,-0.015481,1298.199951,4041820,-0.015098
2008-08-16,-0.027293,-0.005953,-1.517637,-0.979725,NA,NA,NA,NA,NA,NA
2008-08-17,-0.018518,-0.006596,-0.542338,0.137610,NA,NA,NA,NA,NA,NA
2008-08-18,-0.012763,-0.005546,0.180023,-0.000986,11479.389648,156290,-0.011398,1278.599976,3829290,-0.009315
2008-08-19,-0.006992,-0.005311,0.766955,0.342539,11348.549805,171580,0.006069,1266.689941,4159760,0.006197
2008-08-20,-0.005258,-0.005486,1.000073,0.465739,11417.429688,144880,0.001119,1274.540039,4555030,0.002495
2008-08-21,-0.005026,-0.005492,1.065408,-0.409192,11430.209961,130020,0.017309,1277.719971,4032590,0.011333
2008-08-22,-0.003905,-0.005072,1.340500,0.649874,11628.05957,138790,-0.020795,1292.199951,3741070,-0.019625
2008-08-23,-0.017527,-0.005939,-0.605068,-0.119384,NA,NA,NA,NA,NA,NA
2008-08-24,-0.026992,-0.007608,-1.903354,-1.132523,NA,NA,NA,NA,NA,NA
2008-08-25,-0.015072,-0.006192,-0.116150,0.117565,11386.25,148610,0.002338,1266.839966,3420600,0.003686
2008-08-26,-0.006741,-0.005740,0.931546,0.919450,11412.870117,119800,0.007854,1271.51001,3587570,0.007983
2008-08-27,-0.009991,-0.006071,0.503733,0.192185,11502.509766,120580,0.018489,1281.660034,3499610,0.014840
2008-08-28,-0.015928,-0.004935,-0.154247,-1.053660,11715.179688,149150,-0.014615,1300.680054,3854280,-0.013724
2008-08-29,-0.005845,-0.004796,0.949889,1.086287,11543.959961,166910,-0.002342,1282.829956,3288120,-0.004093
2008-08-30,-0.021228,-0.006115,-0.772640,-0.800691,NA,NA,NA,NA,NA,NA
2008-08-31,-0.017381,-0.005275,-0.364437,0.270614,NA,NA,NA,NA,NA,NA
2008-09-01,-0.015801,-0.007131,-0.188987,1.145520,NA,NA,NA,NA,NA,NA
2008-09-02,-0.017631,-0.006032,-0.381811,-0.085462,11516.919922,177090,0.001386,1277.579956,4783560,-0.002035
2008-09-03,-0.019045,-0.006337,-0.557381,0.180501,11532.879883,174250,-0.029884,1274.97998,5056980,-0.029922
2008-09-04,-0.021526,-0.006531,-0.861524,-0.682580,11188.230469,229200,0.002925,1236.829956,5212500,0.004431
2008-09-05,-0.000627,-0.004485,1.327268,1.146880,11220.959961,198300,0.025825,1242.310059,5017080,0.020510
2008-09-06,-0.024553,-0.006191,-1.215589,-0.229610,NA,NA,NA,NA,NA,NA
2008-09-07,-0.036036,-0.007732,-2.431007,-0.935335,NA,NA,NA,NA,NA,NA
2008-09-08,-0.008062,-0.004815,0.471151,0.484521,11510.740234,273000,-0.024326,1267.790039,7351340,-0.034138
2008-09-09,-0.004966,-0.005105,0.768499,-0.224724,11230.730469,257300,0.003400,1224.51001,7380630,0.006149
2008-09-10,0.001373,-0.004956,1.424179,1.120838,11268.919922,214260,0.014623,1232.040039,6543440,0.013806
2008-09-11,-0.007081,-0.005340,0.568094,-0.834818,11433.709961,247820,-0.001025,1249.050049,6869250,0.002122
2008-09-12,-0.004639,-0.004181,0.805913,0.834092,11421.990234,238890,-0.044167,1251.699951,6273260,-0.047136
2008-09-13,-0.013117,-0.005607,-0.064796,0.067587,NA,NA,NA,NA,NA,NA
2008-09-14,-0.023513,-0.006937,-1.170346,-1.000611,NA,NA,NA,NA,NA,NA
2008-09-15,-0.002760,-0.004932,0.909041,0.844105,10917.509766,432970,0.012962,1192.699951,8279510,0.017523
2008-09-16,-0.008978,-0.006906,0.400864,-1.097075,11059.019531,494760,-0.040633,1213.599976,9459830,-0.047141
2008-09-17,-0.004742,-0.005959,0.801636,1.087506,10609.660156,463200,0.038647,1156.390015,9431870,0.043342
2008-09-18,-0.007530,-0.005979,0.537590,-1.041985,11019.69043,488060,0.033463,1206.51001,10082690,0.040257
2008-09-19,-0.002619,-0.005113,1.099445,0.818008,11388.44043,655110,-0.032731,1255.079956,9387170,-0.038237
2008-09-20,-0.020832,-0.006809,-0.758930,-0.353090,NA,NA,NA,NA,NA,NA
2008-09-21,-0.026024,-0.005589,-1.321406,-0.965068,NA,NA,NA,NA,NA,NA
2008-09-22,-0.014485,-0.006472,0.096294,0.411218,11015.69043,213210,-0.014663,1207.089966,5368130,-0.015633
2008-09-23,-0.012123,-0.005530,0.347191,-0.257773,10854.169922,204480,-0.002672,1188.219971,5185730,-0.001978
2008-09-24,-0.006653,-0.004889,0.922072,1.053421,10825.169922,183630,0.018188,1185.869995,4820360,0.019657
2008-09-25,-0.015950,-0.006580,0.027560,0.213242,11022.05957,218530,0.010984,1209.180054,5877640,0.003382
2008-09-26,-0.034217,-0.006810,-1.755527,-1.020305,11143.129883,232560,-0.069790,1213.27002,5383610,-0.088068
2008-09-27,-0.024508,-0.006783,-0.689710,0.675046,NA,NA,NA,NA,NA,NA
2008-09-28,-0.025579,-0.005951,-0.792708,-0.808835,NA,NA,NA,NA,NA,NA
2008-09-29,-0.021448,-0.006783,-0.381947,-0.332609,10365.450195,385940,0.046810,1106.420044,7305060,0.054175
2008-09-30,-0.008327,-0.005152,0.915249,0.630231,10850.660156,319770,-0.001805,1166.359985,4937680,-0.004544
2008-10-01,-0.009118,-0.005603,0.843866,0.553737,10831.070313,256670,-0.032150,1161.060059,5782130,-0.040291
2008-10-02,-0.037898,-0.006442,-2.029966,-1.154304,10482.849609,395330,-0.015022,1114.280029,6285640,-0.013507
2008-10-03,-0.008233,-0.005082,0.883794,0.995941,10325.379883,299690,-0.035822,1099.22998,6716120,-0.038518
2008-10-04,-0.022886,-0.006198,-0.570185,-0.403865,NA,NA,NA,NA,NA,NA
2008-10-05,-0.026031,-0.005279,-0.781739,-0.725382,NA,NA,NA,NA,NA,NA
2008-10-06,-0.007103,-0.005152,1.012951,1.146304,9955.5,391460,-0.051066,1056.890015,7956020,-0.057395
2008-10-07,-0.028881,-0.006587,-1.229812,-1.154685,9447.110352,362520,-0.020007,996.22998,7069210,-0.011333
2008-10-08,-0.007232,-0.005440,0.803179,0.657097,9258.099609,479270,-0.073331,984.940002,8716330,-0.076167
2008-10-09,-0.009188,-0.006089,0.611124,-0.839111,8579.19043,436740,-0.014920,909.919983,6819000,-0.011759
2008-10-10,-0.002531,-0.004619,1.141625,0.863950,8451.19043,674920,0.110803,899.219971,11456230,0.115800
2008-10-11,-0.023154,-0.006120,-0.829602,-0.614861,NA,NA,NA,NA,NA,NA
2008-10-12,-0.022270,-0.006270,-0.756574,-0.521222,NA,NA,NA,NA,NA,NA
2008-10-13,-0.008869,-0.005319,0.341881,0.333882,9387.610352,399290,-0.008162,1003.349976,7263370,-0.005322
2008-10-14,-0.004674,-0.004658,0.747305,0.745625,9310.990234,412740,-0.078733,998.01001,8161990,-0.090350
2008-10-15,-0.026922,-0.005988,-1.523622,-1.065328,8577.910156,374350,0.046789,907.840027,6542330,0.042507
2008-10-16,-0.013327,-0.005992,-0.150151,0.066057,8979.259766,422450,-0.014148,946.429993,7984500,-0.006213
2008-10-17,-0.002187,-0.005796,1.005654,1.055035,8852.219727,360600,0.046679,940.549988,6581780,0.047685
2008-10-18,-0.008774,-0.005004,0.198147,0.273131,NA,NA,NA,NA,NA,NA
2008-10-19,-0.024967,-0.006680,-1.576038,-1.109478,NA,NA,NA,NA,NA,NA
2008-10-20,-0.002304,-0.004102,0.876276,0.557398,9265.429688,241400,-0.025014,985.400024,5175640,-0.030800
2008-10-21,-0.001779,-0.004462,0.983996,0.727949,9033.660156,231160,-0.056948,955.049988,5121830,-0.061012
2008-10-22,-0.004887,-0.005176,0.633907,-1.112003,8519.209961,348840,0.020194,896.780029,6147980,0.012634
2008-10-23,-0.000581,-0.003767,1.106062,1.153462,8691.25,340740,-0.035933,908.109985,7189900,-0.034511
2008-10-24,-0.005124,-0.004833,0.650063,0.350024,8378.950195,335680,-0.024249,876.77002,6550050,-0.031764
2008-10-25,-0.020816,-0.006606,-0.570659,-0.420598,NA,NA,NA,NA,NA,NA
2008-10-26,-0.023834,-0.006606,-0.898094,-0.741575,NA,NA,NA,NA,NA,NA
2008-10-27,-0.007440,-0.004274,0.361083,0.289974,8175.77002,281180,0.108779,848.919983,5558050,0.107890
2008-10-28,-0.001212,-0.004958,0.840472,1.117509,9065.120117,372160,-0.008181,940.51001,7096950,-0.011079
2008-10-29,-0.009642,-0.005144,0.201585,-1.137600,8990.959961,316230,0.021102,930.090027,7077800,0.025804
2008-10-30,-0.002751,-0.004888,0.703271,1.148958,9180.69043,267210,0.015720,954.090027,6175830,0.015365
2008-10-31,-0.008889,-0.005314,0.204975,0.131620,9325.009766,310950,-0.000555,968.75,6394350,-0.002529
2008-11-01,-0.018070,-0.005783,-0.529893,-0.023211,NA,NA,NA,NA,NA,NA
2008-11-02,-0.026634,-0.006360,-1.216694,-1.128633,NA,NA,NA,NA,NA,NA
2008-11-03,-0.019971,-0.008013,-0.688604,0.758726,9319.830078,180970,0.032774,966.299988,4492280,0.040826
2008-11-04,-0.052777,-0.010103,-3.274672,-1.115698,9625.280273,254930,-0.050493,1005.75,5531290,-0.052677
2008-11-05,-0.008028,-0.005000,0.222396,0.468659,9139.269531,264640,-0.048525,952.77002,5426640,-0.050264
2008-11-06,-0.002190,-0.005014,0.672100,0.377263,8695.790039,344350,0.028522,904.880005,6102230,0.028855
2008-11-07,-0.000725,-0.005068,0.761689,0.675193,8943.80957,246300,-0.008192,930.98999,4931640,-0.012653
2008-11-08,-0.013984,-0.004950,-0.303006,-0.841081,NA,NA,NA,NA,NA,NA
2008-11-09,-0.010058,-0.004426,-0.027735,-0.254490,NA,NA,NA,NA,NA,NA
2008-11-10,-0.001083,-0.003999,0.655598,0.627436,8870.540039,221230,-0.019906,919.210022,4572000,-0.022041
2008-11-11,-0.001595,-0.003794,0.586472,-1.139421,8693.959961,257270,-0.047309,898.950012,4998340,-0.051894
2008-11-12,-0.000975,-0.004213,0.622137,0.852302,8282.660156,314660,0.066716,852.299988,5764180,0.069213
2008-11-13,-0.001167,-0.004167,0.586457,0.293924,8835.25,476600,-0.038249,911.289978,7849120,-0.041699
2008-11-14,-0.001679,-0.003997,0.476437,0.543128,8497.30957,304370,-0.026329,873.289978,5881030,-0.025810
2008-11-15,-0.014517,-0.004309,-1.605315,-0.511923,NA,NA,NA,NA,NA,NA
2008-11-16,-0.015508,-0.003963,-1.817429,-0.640941,NA,NA,NA,NA,NA,NA
2008-11-17,-0.001797,-0.004419,0.400556,0.671931,8273.580078,278220,0.018271,850.75,4927490,0.009838
2008-11-18,-0.003263,-0.004588,0.227367,-0.836103,8424.75,366390,-0.050740,859.119995,6679470,-0.061156
2008-11-19,0.001784,-0.004096,1.033603,0.475002,7997.279785,350470,-0.055643,806.580017,6548600,-0.067123
2008-11-20,0.002402,-0.003916,1.100352,0.694726,7552.290039,528130,0.065428,752.440002,9093740,0.063248
2008-11-21,-0.002275,-0.003398,0.391498,0.255789,8046.419922,569010,0.049335,800.030029,9495900,0.064723
2008-11-22,-0.013022,-0.003573,-1.171439,-0.523180,NA,NA,NA,NA,NA,NA
2008-11-23,-0.013706,-0.003890,-1.270223,-0.623349,NA,NA,NA,NA,NA,NA
2008-11-24,-0.000673,-0.004103,0.539508,0.425840,8443.389648,491890,0.004273,851.809998,7879440,0.006551
2008-11-25,0.001744,-0.004260,0.864350,0.929706,8479.469727,374020,0.029146,857.390015,6952700,0.035328
2008-11-26,0.000769,-0.003735,0.729849,0.058260,8726.610352,283920,0.011738,887.679993,5793260,0.009643
2008-11-27,-0.000392,-0.001903,0.566452,0.467333,NA,NA,NA,NA,NA,NA
2008-11-28,-0.009181,-0.004062,-0.682126,-0.128214,8829.040039,155510,-0.077013,896.23999,2740860,-0.089295
2008-11-29,-0.015120,-0.004242,-1.523584,-0.281329,NA,NA,NA,NA,NA,NA
2008-11-30,-0.017457,-0.004607,-1.839925,-0.688373,NA,NA,NA,NA,NA,NA
2008-12-01,0.001223,-0.003568,0.746851,0.650163,8149.089844,321010,0.033133,816.210022,6052010,0.039941
2008-12-02,-0.000320,-0.004175,0.493406,-1.119796,8419.089844,307520,0.020501,848.809998,6170100,0.025836
2008-12-03,0.001748,-0.003686,0.772760,0.073678,8591.69043,294680,-0.025077,870.73999,6221880,-0.029308
2008-12-04,0.003403,-0.003620,1.008232,0.937943,8376.240234,280880,0.030942,845.219971,5860390,0.036499
2008-12-05,-0.000597,-0.004078,0.399154,0.340964,8635.419922,346370,0.034597,876.070007,6165370,0.038387
2008-12-06,-0.013812,-0.004957,-1.466300,-0.588638,NA,NA,NA,NA,NA,NA
2008-12-07,-0.013640,-0.004198,-1.442000,-0.565516,NA,NA,NA,NA,NA,NA
2008-12-08,-0.001119,-0.003894,0.265976,0.295831,8934.179688,358970,-0.027182,909.700012,6553600,-0.023118
2008-12-09,0.003523,-0.003209,0.844191,0.697287,8691.330078,284950,0.008064,888.669983,5693110,0.011894
2008-12-10,0.002896,-0.003507,0.761582,0.454371,8761.419922,232830,-0.022408,899.23999,5942130,-0.028524
2008-12-11,-0.001324,-0.004187,0.115323,-1.145957,8565.089844,290540,0.007541,873.590027,5513840,0.007028
2008-12-12,0.002333,-0.003572,0.657601,0.837891,8629.679688,271030,-0.007549,879.72998,5959590,-0.012686
2008-12-13,-0.010173,-0.004590,-1.289892,-0.632126,NA,NA,NA,NA,NA,NA
2008-12-14,-0.009393,-0.003267,-1.164755,-0.524144,NA,NA,NA,NA,NA,NA
2008-12-15,0.003089,-0.002570,0.857424,0.547943,8564.530273,229940,0.041988,868.570007,4982390,0.051360
2008-12-16,0.003516,-0.003002,0.960493,0.901473,8924.139648,337190,-0.011183,913.179993,6009780,-0.009593
2008-12-17,0.002354,-0.003212,0.790543,-1.152407,8824.339844,239260,-0.024857,904.419983,5907380,-0.021163
2008-12-18,0.003604,-0.002770,1.002066,0.974259,8604.990234,274080,-0.003008,885.280029,5675000,0.002937
2008-12-19,0.000902,-0.002833,0.514563,0.364307,8579.110352,550150,-0.006926,887.880005,6705310,-0.018302
2008-12-20,-0.009139,-0.004173,-1.094075,-0.340540,NA,NA,NA,NA,NA,NA
2008-12-21,-0.012185,-0.003109,-1.395860,-0.741207,NA,NA,NA,NA,NA,NA
2008-12-22,0.004397,-0.002252,0.718325,0.753552,8519.69043,211090,-0.011761,871.630005,4869850,-0.009717
2008-12-23,0.001124,-0.003320,0.325297,-0.394000,8419.490234,174640,0.005819,863.159973,4051970,0.005781
2008-12-24,0.000378,-0.001199,0.175749,0.525513,8468.480469,66930,0.005558,868.150024,1546550,0.005356
2008-12-25,-0.011879,0.000879,-1.403228,-0.921250,NA,NA,NA,NA,NA,NA
2008-12-26,-0.007068,-0.005132,-0.759322,0.954720,8515.549805,86760,-0.003713,872.799988,1880050,-0.003873
2008-12-27,-0.009166,-0.003356,-0.954094,-0.797862,NA,NA,NA,NA,NA,NA
2008-12-28,-0.008648,-0.002422,-0.838064,-0.539381,NA,NA,NA,NA,NA,NA
2008-12-29,0.003023,-0.003727,0.524482,0.252306,8483.929688,153730,0.021742,869.419983,3323430,0.024407
2008-12-30,0.008170,-0.002706,1.077540,-0.207889,8668.389648,162560,0.012459,890.640015,3627800,0.014158
2008-12-31,0.018097,-0.001725,2.033490,0.707107,8776.389648,226760,0.029431,903.25,4172940,0.031608
